{
    "RemainWave": {
        "NumberSpacing": 35.900001525878906,
        "Position": [
            545.0,
            680.0
        ],
        "Scale": 0.4000000059604645
    }
}
